AMZN,META,NFLX,NVDA,TSLA
94.90049743652344,209.34979248046875,329.80999755859375,5.973633289337158,28.68400001525879
93.74849700927734,208.24208068847656,325.8999938964844,5.8780198097229,29.534000396728516
95.14399719238281,212.16403198242188,335.8299865722656,5.9026689529418945,30.1026668548584
95.34300231933594,212.62307739257812,330.75,5.9741315841674805,31.270666122436523
94.59850311279297,214.77865600585938,339.260009765625,5.985335826873779,32.80933380126953
95.05249786376953,217.8523406982422,335.6600036621094,6.0510711669921875,32.089332580566406
94.15799713134766,217.61280822753906,329.04998779296875,6.08344030380249,31.876667022705078
94.56500244140625,221.45492553710938,338.9200134277344,6.274170398712158,34.990665435791016
93.47200012207031,218.6107635498047,338.69000244140625,6.157142639160156,35.861331939697266
93.10099792480469,220.6964874267578,339.07000732421875,6.114564895629883,34.56666564941406
93.89700317382812,221.31521606445312,338.6199951171875,6.198227405548096,34.232666015625
93.23600006103516,221.6844482421875,339.6700134277344,6.206942558288574,34.03333282470703
94.5999984741211,220.98590087890625,338.1099853515625,6.173576831817627,36.47999954223633
94.37300109863281,220.86614990234375,326.0,6.227607727050781,37.97066879272461
94.22899627685547,219.309326171875,349.6000061035156,6.296082019805908,38.14666748046875
93.08200073242188,217.49307250976562,353.1600036621094,6.236821174621582,37.654666900634766
91.41699981689453,214.42935180664062,342.8800048828125,5.980854034423828,37.201332092285156
92.6624984741211,217.34336853027344,348.5199890136719,6.174322605133057,37.793331146240234
92.9000015258789,222.772216796875,343.1600036621094,6.11381721496582,38.732666015625
93.53399658203125,209.10031127929688,347.739990234375,6.120540142059326,42.72066879272461
100.43599700927734,201.49594116210938,345.0899963378906,5.886981964111328,43.371334075927734
100.20999908447266,203.77127075195312,358.0,5.984091758728027,52.0
102.4834976196289,209.3997039794922,369.010009765625,6.153407573699951,59.137332916259766
101.99349975585938,209.67913818359375,369.6700134277344,6.2437920570373535,48.97999954223633
102.5114974975586,210.4176025390625,366.95001220703125,6.330691337585449,49.930667877197266
103.96399688720703,211.89456176757812,366.7699890136719,6.264458656311035,49.871334075927734
106.69550323486328,212.62307739257812,371.07000732421875,6.547815799713135,51.41866683959961
107.54000091552734,206.76510620117188,373.69000244140625,6.670320510864258,51.62533187866211
108.0,210.32777404785156,380.010009765625,6.786103248596191,51.15266799926758
107.49349975585938,212.70291137695312,381.3999938964844,6.74228048324585,53.599998474121094
106.74349975585938,213.7407684326172,380.3999938964844,7.215618133544922,53.33533477783203
107.78350067138672,217.3533477783203,387.7799987792969,7.384437084197998,57.22666549682617
108.51100158691406,217.0439910888672,386.19000244140625,7.835864067077637,61.16133117675781
107.65499877929688,214.13995361328125,386.0,7.686468601226807,59.96066665649414
104.79850006103516,209.7489776611328,380.07000732421875,7.3221893310546875,60.06666564941406
100.4645004272461,200.30838012695312,368.70001220703125,6.80452823638916,55.58599853515625
98.63700103759766,196.36648559570312,360.0899963378906,6.52490758895874,53.32733154296875
98.97949981689453,196.79559326171875,379.239990234375,6.664343357086182,51.91999816894531
94.21499633789062,189.3608856201172,371.7099914550781,6.293370723724365,45.266666412353516
94.1875,192.07530212402344,369.0299987792969,6.72862434387207,44.53266525268555
97.69750213623047,196.0371551513672,381.04998779296875,6.887079238891602,49.574668884277344
95.44950103759766,185.5087890625,368.7699890136719,6.624480724334717,49.70066833496094
98.79149627685547,191.3667449951172,383.7900085449219,7.088387966156006,49.96666717529297
96.20149993896484,184.79026794433594,372.7799987792969,6.808847904205322,48.30266571044922
95.05449676513672,180.7186279296875,368.9700012207031,6.628219127655029,46.89866638183594
90.03050231933594,169.15240478515625,346.489990234375,6.114983558654785,40.53333282470703
94.59100341796875,177.8245849609375,364.1300048828125,6.504642963409424,43.02199935913086
91.04299926757812,169.89088439941406,349.9200134277344,6.140644550323486,42.28200149536133
83.83049774169922,154.15321350097656,315.25,5.389226913452148,37.369998931884766
89.25,169.93080139160156,336.29998779296875,6.0003767013549805,36.44133377075195
84.4574966430664,145.7105712890625,298.8399963378906,4.893182754516602,29.67133331298828
90.39199829101562,149.1135711669922,319.75,5.413144111633301,28.68000030517578
91.5,146.65863037109375,315.4700012207031,5.053131580352783,24.08133316040039
94.04650115966797,152.81597900390625,332.0299987792969,5.306013107299805,28.50933265686035
92.30449676513672,149.42294311523438,332.8299865722656,5.126132488250732,28.50200080871582
95.1415023803711,147.79629516601562,360.2699890136719,5.299037933349609,28.952667236328125
97.00499725341797,160.64987182617188,357.32000732421875,6.208162307739258,33.66666793823242
94.29199981689453,155.88967895507812,342.3900146484375,6.119467258453369,35.95000076293945
97.77449798583984,163.00503540039062,362.989990234375,6.40897274017334,35.21066665649414
95.00499725341797,156.4684600830078,357.1199951171875,6.2966084480285645,34.29066848754883
98.19750213623047,165.60968017578125,370.9599914550781,6.617008209228516,33.47533416748047
97.48600006103516,166.45794677734375,375.5,6.567427635192871,34.93333435058594
95.38500213623047,159.272705078125,364.0799865722656,6.055936336517334,32.104000091552734
95.94149780273438,157.8656005859375,370.0799865722656,6.36487340927124,30.29800033569336
95.32949829101562,153.8638153076172,361.760009765625,6.076864242553711,32.000667572021484
99.87950134277344,165.21051025390625,379.9599914550781,6.68701696395874,34.41600036621094
100.58000183105469,168.48377990722656,372.2799987792969,6.453568935394287,36.36333465576172
102.1500015258789,173.92259216308594,371.1199951171875,6.650890827178955,36.589332580566406
102.13800048828125,174.8307342529297,370.7200012207031,6.55123233795166,38.20000076293945
108.44349670410156,174.43154907226562,396.7200012207031,6.723143577575684,43.39666748046875
114.16600036621094,177.80462646484375,413.54998779296875,7.074435234069824,47.32600021362305
115.38400268554688,176.60707092285156,426.75,6.996951103210449,48.65533447265625
120.40950012207031,175.88856506347656,439.1700134277344,7.342264652252197,49.680667877197266
118.75,178.8724365234375,422.9599914550781,7.282968521118164,50.259334564208984
119.68049621582031,177.87448120117188,437.489990234375,7.151670455932617,49.75733184814453
116.40599822998047,170.44973754882812,433.8299865722656,6.714672565460205,45.781333923339844
118.17449951171875,181.9062042236328,421.4200134277344,7.129247188568115,48.807334899902344
119.97250366210938,184.7503662109375,426.70001220703125,7.075930118560791,47.04199981689453
120.51100158691406,189.68023681640625,424.989990234375,7.2149529457092285,48.34333419799805
118.80000305175781,187.11549377441406,421.3800048828125,7.401561260223389,53.25
115.7040023803711,182.534912109375,403.8299865722656,7.259050369262695,51.27466583251953
118.635498046875,193.79176330566406,411.8900146484375,7.435942649841309,53.367332458496094
123.69999694824219,204.2902069091797,419.8500061035156,7.281972408294678,52.12533187866211
114.302001953125,201.85520935058594,415.2699890136719,7.045285224914551,46.75466537475586
115.79949951171875,204.83905029296875,428.1499938964844,7.257306098937988,50.74599838256836
115.88999938964844,206.64537048339844,424.67999267578125,7.318346977233887,51.2140007019043
117.56300354003906,208.04248046875,434.260009765625,7.419249534606934,52.172000885009766
118.38050079345703,210.82676696777344,436.5299987792969,7.595643997192383,52.00266647338867
118.98049926757812,211.91453552246094,435.54998779296875,7.785739898681641,54.62799835205078
120.44999694824219,212.74281311035156,440.5199890136719,8.037873268127441,54.08599853515625
117.84750366210938,209.6691436767578,431.82000732421875,7.775773525238037,53.96066665649414
118.39600372314453,204.67941284179688,438.2699890136719,7.753352642059326,52.73066711425781
119.44249725341797,206.38589477539062,441.95001220703125,8.002994537353516,53.55533218383789
120.48899841308594,210.4475555419922,454.19000244140625,8.46166706085205,53.27799987792969
121.31300354003906,212.75282287597656,452.5799865722656,8.720277786254883,54.242000579833984
122.46649932861328,216.43524169921875,451.0400085449219,8.77534008026123,53.867332458496094
124.89700317382812,229.49839782714844,447.6700134277344,8.939274787902832,54.37066650390625
122.33699798583984,230.9154815673828,436.25,8.745192527770996,55.17333221435547
121.84400177001953,234.4282684326172,429.32000732421875,8.995333671569824,54.45866775512695
121.09300231933594,231.72381591796875,414.7699890136719,8.687888145446777,54.591331481933594
120.51950073242188,228.67010498046875,419.8900146484375,8.496049880981445,54.68199920654297
120.05500030517578,224.99765014648438,413.44000244140625,8.457928657531738,53.72066879272461
122.11849975585938,224.62840270996094,419.7300109863281,8.845099449157715,55.66666793823242
123.552001953125,231.43441772460938,425.9200134277344,8.776086807250977,59.87333297729492
123.62049865722656,232.2427520751953,427.30999755859375,8.79502010345459,58.770668029785156
123.91999816894531,229.68801879882812,421.9700012207031,8.739462852478027,58.86399841308594
123.02999877929688,225.82594299316406,414.3299865722656,8.740460395812988,57.62533187866211
124.1500015258789,230.2967529296875,419.6000061035156,8.893503189086914,59.04399871826172
126.2030029296875,230.9254608154297,419.489990234375,8.778846740722656,63.327999114990234
130.04299926757812,238.18055725097656,434.04998779296875,9.01912784576416,62.711334228515625
132.37249755859375,236.24453735351562,434.4800109863281,9.338926315307617,68.336669921875
127.89800262451172,223.96975708007812,425.55999755859375,8.770120620727539,64.85600280761719
127.2509994506836,228.1112518310547,418.07000732421875,8.905967712402344,62.35200119018555
128.63400268554688,232.02320861816406,425.5,9.146499633789062,66.05999755859375
130.7635040283203,235.166748046875,436.1300048828125,9.041560173034668,65.47533416748047
132.0489959716797,235.0469970703125,447.7699890136719,9.208566665649414,66.11933135986328
132.69900512695312,235.45614624023438,449.8699951171875,9.190618515014648,66.9306640625
133.75050354003906,238.30029296875,453.7200012207031,9.233739852905273,66.72666931152344
135.6909942626953,238.72943115234375,468.0400085449219,9.49845027923584,66.28800201416016
138.2205047607422,241.7432403564453,466.260009765625,9.421929359436035,66.78533172607422
136.72000122070312,233.54010009765625,457.8500061035156,9.20806884765625,64.0566635131836
137.72900390625,235.19667053222656,465.9100036621094,9.461811065673828,65.73200225830078
134.64349365234375,215.6368865966797,443.3999938964844,9.12780475616455,63.982666015625
134.0189971923828,220.18753051757812,447.239990234375,9.1726713180542,67.29000091552734
137.9409942626953,226.60435485839844,455.0400085449219,9.469536781311035,71.98733520507812
143.93499755859375,237.0628662109375,485.6400146484375,9.501690864562988,74.64199829101562
144.51499938964844,232.94131469726562,476.8900146484375,9.583697319030762,80.57733154296875
152.8520050048828,239.78724670410156,493.80999755859375,9.810022354125977,91.43866729736328
150.00599670410156,240.36607360839844,493.1600036621094,9.842426300048828,92.65733337402344
154.0554962158203,243.0804901123047,502.7799987792969,10.185653686523438,91.05867004394531
159.13150024414062,243.99859619140625,507.760009765625,10.477785110473633,92.9520034790039
160.0,244.5674285888672,548.72998046875,10.448122024536133,102.97666931152344
155.1999969482422,238.5098876953125,525.5,10.02238941192627,99.80400085449219
154.1999969482422,239.23837280273438,524.8800048828125,10.346174240112305,101.12000274658203
150.44349670410156,239.78724670410156,523.260009765625,10.19687271118164,103.06732940673828
149.9949951171875,240.4359130859375,527.3900146484375,10.104646682739258,100.04266357421875
148.09849548339844,241.53366088867188,492.989990234375,10.171197891235352,100.05599975585938
159.8419952392578,244.91671752929688,502.4100036621094,10.479527473449707,109.53333282470703
156.9145050048828,241.25424194335938,490.1000061035156,10.297820091247559,104.55733489990234
154.99549865722656,239.37808227539062,489.82000732421875,10.407743453979492,106.15533447265625
149.32749938964844,232.1230010986328,477.5799865722656,10.099658966064453,100.87133026123047
150.44549560546875,230.2368927001953,480.45001220703125,10.16421890258789,94.46666717529297
152.760498046875,233.0211639404297,495.6499938964844,10.390544891357422,102.63999938964844
150.01649475097656,229.64808654785156,488.510009765625,10.185154914855957,98.43267059326172
151.67649841308594,232.8115692138672,484.4800109863281,10.43441104888916,99.94066619873047
152.593994140625,234.01910400390625,485.79998779296875,10.582473754882812,99.16600036621094
158.23399353027344,253.14979553222656,488.8800048828125,10.583219528198242,95.38400268554688
155.59449768066406,251.4433135986328,498.6199951171875,10.977544784545898,99.0
156.94149780273438,249.3176727294922,509.6400146484375,11.194397926330566,99.13333129882812
160.25149536132812,248.60911560058594,502.1099853515625,11.253225326538086,99.00133514404297
161.25,264.7359924316406,509.0799865722656,11.301827430725098,99.30533599853516
158.3730010986328,267.8894958496094,494.7300109863281,11.16623306274414,96.84733581542969
157.4080047607422,262.4606628417969,483.3800048828125,11.131834030151367,94.57133483886719
154.0334930419922,255.60475158691406,466.92999267578125,10.817771911621094,91.6259994506836
158.11199951171875,259.3570556640625,475.4700012207031,11.406267166137695,103.65066528320312
158.05099487304688,260.7641296386719,481.3299865722656,11.40900993347168,108.06666564941406
157.4010009765625,260.7042541503906,482.67999267578125,11.52964973449707,110.04733276367188
159.12049865722656,260.62445068359375,482.3500061035156,12.300353050231934,122.3759994506836
165.62449645996094,261.802001953125,491.8699951171875,12.224332809448242,125.80599975585938
163.0240020751953,262.0514831542969,484.5299987792969,12.102445602416992,125.23533630371094
164.86849975585938,268.4583435058594,497.8999938964844,12.104935646057129,133.45533752441406
164.23599243164062,266.46246337890625,492.30999755859375,12.645825386047363,136.6653289794922
165.3730010986328,270.8334655761719,488.80999755859375,12.682465553283691,134.27999877929688
167.32449340820312,280.2441101074219,490.5799865722656,12.712128639221191,134.8893280029297
172.09249877929688,303.2867736816406,547.530029296875,12.735057830810547,143.54466247558594
170.0,292.6186828613281,526.27001953125,12.590739250183105,149.25
170.08999633789062,293.05780029296875,523.8900146484375,13.108694076538086,147.55999755859375
172.54800415039062,292.5987548828125,529.5599975585938,13.334773063659668,166.10667419433594
174.95599365234375,294.8341369628906,556.5499877929688,13.78406810760498,158.35000610351562
176.57249450683594,301.8796691894531,552.8400268554688,14.308165550231934,149.1233367919922
168.39999389648438,290.5229797363281,525.75,12.980719566345215,135.6666717529297
164.7310028076172,282.15020751953125,516.0499877929688,12.588769912719727,139.44000244140625
157.49200439453125,270.6039123535156,507.0199890136719,11.881168365478516,110.06999969482422
163.4304962158203,273.15869140625,500.19000244140625,12.681024551391602,122.09333038330078
158.7554931640625,267.54022216796875,480.6700134277344,12.278851509094238,123.77999877929688
155.81100463867188,266.0632629394531,482.0299987792969,12.13199520111084,124.23999786376953
155.14849853515625,265.60418701171875,476.260009765625,12.837854385375977,139.8733367919922
157.80650329589844,271.8613586425781,495.989990234375,12.956287384033203,149.9199981689453
153.90499877929688,262.9795837402344,483.8599853515625,12.481059074401855,147.25332641601562
150.43649291992188,254.2974395751953,470.20001220703125,12.430196762084961,141.14332580566406
147.74549865722656,252.0121307373047,469.9599914550781,12.156679153442383,147.38333129882812
148.02349853515625,247.64109802246094,487.3500061035156,12.483800888061523,149.79666137695312
156.44949340820312,254.2275848388672,491.1700134277344,12.60398006439209,141.41000366210938
149.9929962158203,248.50933837890625,470.6099853515625,12.091350555419922,126.78666687011719
150.989501953125,249.01828002929688,473.0799865722656,12.3150053024292,129.26333618164062
154.75650024414062,254.2974395751953,482.8800048828125,12.839350700378418,135.77999877929688
158.70249938964844,256.2933654785156,490.6499938964844,13.000168800354004,140.39999389648438
157.24400329589844,261.2531433105469,493.4800109863281,13.190410614013672,139.69000244140625
157.43649291992188,261.3629150390625,500.0299987792969,13.494345664978027,143.00332641601562
161.06300354003906,266.0832214355469,527.510009765625,13.578120231628418,149.3866729736328
156.25,259.40692138671875,503.05999755859375,13.027345657348633,138.3633270263672
159.9600067138672,264.1072692871094,520.6500244140625,13.60604476928711,141.89332580566406
154.9980010986328,258.12957763671875,505.8699951171875,13.69979476928711,137.9933319091797
159.7845001220703,257.59063720703125,534.6599731445312,13.92668628692627,141.76666259765625
159.52749633789062,263.2190856933594,531.7899780273438,13.801770210266113,141.97332763671875
164.33250427246094,263.90771484375,539.4400024414062,13.725974082946777,144.6666717529297
172.14649963378906,275.18450927734375,539.8099975585938,14.187986373901367,147.43333435058594
172.18150329589844,275.57373046875,554.0900268554688,14.210175514221191,148.88333129882812
168.1855010986328,271.2626037597656,541.4500122070312,14.057586669921875,153.76666259765625
166.9324951171875,266.17303466796875,541.9400024414062,13.932670593261719,149.6266632080078
163.635498046875,265.3846435546875,530.7899780273438,13.774593353271484,146.55667114257812
160.36050415039062,260.8639221191406,530.719970703125,13.461682319641113,143.61000061035156
160.85049438476562,267.0113220214844,525.4199829101562,13.60903549194336,140.64666748046875
159.2469940185547,278.1584167480469,489.04998779296875,13.48861026763916,140.8800048828125
158.82000732421875,277.5496520996094,485.2300109863281,13.325298309326172,141.92999267578125
160.22000122070312,284.20599365234375,488.2799987792969,13.553935050964355,140.2100067138672
160.3520050048828,276.5417175292969,488.239990234375,13.106134414672852,140.0933380126953
164.31649780273438,282.70904541015625,488.92999267578125,13.360953330993652,141.55999755859375
158.13900756835938,267.12109375,486.239990234375,12.59325885772705,135.33999633789062
160.55050659179688,280.25408935546875,504.2099914550781,12.9891996383667,136.94332885742188
151.8074951171875,262.5704040527344,475.739990234375,12.500508308410645,129.34666442871094
150.2239990234375,260.8240051269531,484.1199951171875,12.547133445739746,133.50332641601562
152.42050170898438,264.75592041015625,487.2200012207031,12.984710693359375,141.3000030517578
162.05799865722656,286.7906494140625,496.95001220703125,13.7573881149292,140.32666015625
166.10000610351562,294.07568359375,513.760009765625,14.122160911560059,146.02999877929688
165.56849670410156,292.8083190917969,514.72998046875,14.523089408874512,143.31666564941406
157.18699645996094,278.19830322265625,470.5,13.594325065612793,140.4199981689453
151.75100708007812,271.8713073730469,480.239990234375,12.735877990722656,136.7866668701172
156.8695068359375,275.91302490234375,490.760009765625,13.382145881652832,139.0433349609375
155.51400756835938,274.515869140625,486.7699890136719,13.420791625976562,137.25332641601562
156.4405059814453,276.3820495605469,482.8399963378906,13.261467933654785,136.1666717529297
156.55299377441406,278.387939453125,479.1000061035156,13.479134559631348,136.02999877929688
156.7830047607422,274.43603515625,480.6300048828125,13.386384963989258,147.20333862304688
155.2729949951172,271.4122619628906,481.7900085449219,13.392866134643555,162.2133331298828
155.8509979248047,272.3802795410156,484.6700134277344,13.404335975646973,166.42333984375
154.97000122070312,269.1469421386719,488.239990234375,13.052777290344238,163.20333862304688
154.91949462890625,267.8795166015625,476.6199951171875,13.104888916015625,173.9499969482422
155.9029998779297,276.35211181640625,482.8800048828125,12.923125267028809,185.1266632080078
159.2534942626953,275.02484130859375,485.0,13.199385643005371,191.3333282470703
159.76699829101562,277.24029541015625,491.3599853515625,13.225812911987305,195.25332641601562
158.40199279785156,276.4020080566406,490.70001220703125,13.365690231323242,189.1999969482422
161.00399780273438,285.96234130859375,504.5799865722656,13.354219436645508,194.9199981689453
160.17649841308594,286.93035888671875,503.3800048828125,13.508307456970215,189.60667419433594
159.3365020751953,281.2720031738281,497.5199890136719,13.364151954650879,197.7933349609375
158.12899780273438,279.1264343261719,498.30999755859375,13.52601432800293,199.67999267578125
157.89999389648438,284.9943542480469,515.780029296875,13.574398040771484,213.9199981689453
158.864501953125,282.8188171386719,512.6599731445312,13.318260192871094,216.6266632080078
155.2100067138672,277.35009765625,493.6000061035156,12.900007247924805,201.4933319091797
155.07449340820312,276.55169677734375,501.0899963378906,12.94140911102295,209.02333068847656
155.8209991455078,272.989013671875,503.2200012207031,12.982311248779297,203.3300018310547
157.84849548339844,273.6277160644531,522.4199829101562,13.277107238769531,213.27667236328125
158.25599670410156,274.98492431640625,519.780029296875,13.3287353515625,211.0833282470703
162.04800415039062,275.1047058105469,524.8300170898438,13.211015701293945,207.58999633789062
161.8040008544922,273.9171142578125,532.9000244140625,13.309531211853027,218.63333129882812
160.08250427246094,275.8331604003906,534.4500122070312,13.240445137023926,231.6666717529297
160.3090057373047,272.2305908203125,528.9099731445312,13.300551414489746,216.6199951171875
160.3260040283203,266.5422668457031,527.3300170898438,13.24668025970459,213.44667053222656
159.2635040283203,267.5601501464844,514.47998046875,12.97832202911377,215.32666015625
158.63450622558594,266.85162353515625,513.969970703125,12.962857246398926,220.58999633789062
164.197998046875,276.4319763183594,519.1199951171875,12.869331359863281,221.22999572753906
166.10000610351562,276.21240234375,530.8699951171875,12.9124755859375,221.99667358398438
164.29249572753906,271.3124694824219,524.5900268554688,13.114495277404785,231.5933380126953
162.84649658203125,272.5998229980469,540.72998046875,13.02396297454834,235.22332763671875
159.3314971923828,268.38848876953125,522.8599853515625,13.082324028015137,243.2566680908203
160.92550659179688,270.414306640625,520.7999877929688,13.372879981994629,245.0366668701172
156.91900634765625,262.77001953125,500.489990234375,12.584507942199707,251.9933319091797
158.10800170898438,268.18890380859375,508.8900146484375,13.312273979187012,272.0133361816406
159.13499450683594,267.02130126953125,510.3999938964844,13.245185852050781,293.3399963378906
155.7104949951172,256.31329345703125,499.1000061035156,13.589116096496582,270.39666748046875
156.04150390625,250.5750732421875,494.25,13.452688217163086,283.14666748046875
158.29449462890625,251.12396240234375,507.7900085449219,13.499578475952148,284.8033447265625
156.37350463867188,245.13626098632812,500.8599853515625,13.168865203857422,281.6666564941406
155.21249389648438,250.8445281982422,497.9800109863281,12.828927993774414,275.38665771484375
156.03799438476562,260.5645751953125,501.7699890136719,12.994282722473145,281.51666259765625
163.16900634765625,266.9314880371094,586.3400268554688,13.33397388458252,283.48333740234375
165.34950256347656,272.3104248046875,579.8400268554688,13.834532737731934,281.663330078125
164.6114959716797,273.93707275390625,565.1699829101562,13.679898262023926,282.21331787109375
164.6999969482422,277.4399108886719,556.780029296875,13.62078857421875,293.6000061035156
166.30650329589844,281.4715881347656,561.9299926757812,13.403306007385254,294.36334228515625
161.62899780273438,271.5819091796875,523.280029296875,12.887040138244629,288.0533447265625
161.88099670410156,264.45654296875,538.5999755859375,13.019969940185547,278.4766540527344
160.30999755859375,257.80023193359375,532.3900146484375,12.958868026733398,264.510009765625
167.1439971923828,261.4726867675781,539.0399780273438,13.205530166625977,279.9366760253906
169.0,266.53228759765625,548.1599731445312,13.524518966674805,290.92999267578125
165.62649536132812,266.1031799316406,539.4500122070312,13.498332023620605,284.89666748046875
166.5500030517578,265.9435119628906,552.1599731445312,13.631763458251953,283.3299865722656
167.6074981689453,267.5502014160156,550.7899780273438,13.558688163757324,284.07666015625
166.14700317382812,266.0333251953125,547.9199829101562,14.404420852661133,287.8066711425781
165.25,268.8974609375,559.0700073242188,14.229340553283691,283.1533203125
164.32899475097656,271.3124694824219,563.5900268554688,14.729147911071777,268.2733459472656
163.10650634765625,269.83551025390625,557.5900268554688,15.21449089050293,270.5533447265625
163.885498046875,269.9452819824219,556.52001953125,14.925680160522461,272.0400085449219
163.44749450683594,273.4081726074219,557.280029296875,15.293801307678223,265.40667724609375
165.4320068359375,273.0090026855469,551.3400268554688,14.870561599731445,266.04998779296875
166.4114990234375,268.83758544921875,548.219970703125,14.793745040893555,262.4599914550781
162.4949951171875,261.02362060546875,540.219970703125,14.891011238098145,260.4333190917969
159.03700256347656,259.796142578125,533.780029296875,14.321619987487793,238.1666717529297
159.72500610351562,265.3147888183594,546.1500244140625,14.108378410339355,232.94667053222656
157.97650146484375,263.7679748535156,553.4099731445312,14.46452808380127,247.33999633789062
152.85800170898438,254.16770935058594,546.7000122070312,13.275861740112305,227.4066619873047
154.64649963378906,257.0917053222656,538.8499755859375,13.681894302368164,225.1666717529297
157.3070068359375,264.36676025390625,550.6400146484375,13.808841705322266,239.47666931152344
154.72650146484375,258.4688720703125,547.8200073242188,13.374375343322754,228.81333923339844
150.25,254.88623046875,520.7000122070312,12.774308204650879,217.73333740234375
148.8784942626953,257.1116638183594,511.2900085449219,12.340840339660645,207.14666748046875
150.0229949951172,263.7380065917969,516.3900146484375,12.431872367858887,199.31666564941406
147.59750366210938,254.7864227294922,493.3299865722656,11.56568717956543,187.6666717529297
153.1425018310547,265.1950378417969,506.44000244140625,12.494795799255371,224.52667236328125
152.8820037841797,264.35675048828125,504.5400085449219,12.442900657653809,222.68666076660156
155.67950439453125,273.318359375,523.0599975585938,12.967080116271973,233.1999969482422
154.47450256347656,267.8495788574219,518.02001953125,12.829861640930176,231.2433319091797
154.08399963378906,273.1886291503906,520.25,13.16443157196045,235.97999572753906
154.59300231933594,278.7072448730469,524.030029296875,13.264228820800781,225.6266632080078
156.7864990234375,283.4275817871094,524.4400024414062,13.314125061035156,233.93666076660156
151.39950561523438,278.0486145019531,504.7900085449219,12.696633338928223,217.72000122070312
153.7480010986328,289.5150451660156,512.1799926757812,12.819632530212402,218.2899932861328
155.5435028076172,292.9380187988281,523.1099853515625,13.159439086914062,223.3333282470703
156.875,290.03399658203125,535.0900268554688,13.044177055358887,220.72000122070312
154.35350036621094,281.5614318847656,520.8099975585938,12.617294311523438,210.08999633789062
152.31300354003906,278.1683654785156,502.8599853515625,12.509763717651367,213.4633331298828
152.60150146484375,282.4396057128906,508.04998779296875,12.813145637512207,206.23666381835938
153.7864990234375,290.2236328125,513.9500122070312,12.921923637390137,203.76333618164062
152.76449584960938,287.4093933105469,513.3900146484375,12.845579147338867,211.8733367919922
154.70399475097656,293.9259948730469,521.6599731445312,13.321111679077148,222.64332580566406
158.0500030517578,298.0475158691406,539.4199829101562,13.783668518066406,220.5833282470703
161.3365020751953,308.2764892578125,540.6699829101562,13.959062576293945,230.35000610351562
161.1909942626953,305.6319580078125,544.530029296875,13.833316802978516,230.5399932861328
163.96949768066406,312.44793701171875,546.989990234375,14.114744186401367,223.6566619873047
164.96499633789062,312.3780822753906,554.5800170898438,14.287891387939453,227.93333435058594
168.61000061035156,311.8192138671875,555.3099975585938,14.370722770690918,225.67333984375
168.96949768066406,310.901123046875,552.780029296875,15.17807674407959,233.9933319091797
170.0,309.1247863769531,553.72998046875,15.64762020111084,254.10667419433594
166.64999389648438,302.1990051269531,540.02001953125,15.245942115783691,244.07666015625
168.95449829101562,307.1887512207031,549.219970703125,16.104440689086914,246.28334045410156
169.9720001220703,305.5520935058594,546.5399780273438,15.880147933959961,246.5933380126953
168.60049438476562,301.62017822265625,554.4400024414062,15.330516815185547,238.2100067138672
166.7344970703125,302.02935791015625,549.5700073242188,15.14040470123291,239.663330078125
168.1009979248047,300.8517761230469,508.8999938964844,15.329269409179688,248.0399932861328
165.45199584960938,295.91192626953125,508.7799987792969,14.820055961608887,239.89666748046875
167.04400634765625,300.5124816894531,505.54998779296875,15.23421573638916,243.13333129882812
170.4499969482422,302.4185485839844,510.29998779296875,15.446531295776367,246.06666564941406
170.8715057373047,302.9474792480469,505.54998779296875,15.35047721862793,234.913330078125
172.9250030517578,306.47021484375,506.5199890136719,15.245691299438477,231.46665954589844
173.5655059814453,328.83428955078125,509.0,15.293590545654297,225.6666717529297
173.37100219726562,324.413330078125,513.469970703125,14.978982925415039,236.47999572753906
169.32449340820312,321.9184875488281,509.1099853515625,14.806585311889648,228.3000030517578
165.593505859375,317.7071228027344,503.17999267578125,14.32207202911377,224.53334045410156
163.52699279785156,314.37396240234375,496.0799865722656,14.42910385131836,223.64666748046875
165.31849670410156,319.3637390136719,499.54998779296875,14.493473052978516,221.17999267578125
164.58050537109375,318.4256286621094,503.8399963378906,14.782135009765625,224.1233367919922
159.52450561523438,305.3425598144531,486.69000244140625,14.236745834350586,209.67999267578125
161.19549560546875,305.9013977050781,495.0799865722656,14.2771635055542,205.73333740234375
157.5970001220703,301.9295349121094,484.9800109863281,13.730527877807617,196.6300048828125
158.07350158691406,304.6340026855469,486.6600036621094,13.63746452331543,190.56333923339844
161.14500427246094,315.2920837402344,493.3699951171875,14.214042663574219,196.5800018310547
163.51950073242188,314.8130798339844,488.94000244140625,14.136700630187988,192.27667236328125
161.61399841308594,309.3243408203125,486.2799987792969,13.987253189086914,192.6233367919922
161.58999633789062,312.9469299316406,487.70001220703125,14.037153244018555,187.82000732421875
162.38400268554688,317.9566345214844,501.6700134277344,14.582792282104492,195.5933380126953
160.1540069580078,315.5815124511719,497.8900146484375,14.96126937866211,193.6266632080078
162.24949645996094,323.9642639160156,502.8999938964844,15.5802583694458,202.14666748046875
162.95249938964844,327.1177978515625,501.3399963378906,15.615937232971191,201.56333923339844
163.25799560546875,326.9880676269531,502.3599853515625,15.66808032989502,206.3766632080078
161.5054931640625,332.0675964355469,503.8599853515625,15.456509590148926,210.28334045410156
161.15350341796875,328.0558776855469,502.80999755859375,16.211471557617188,208.4066619873047
160.9324951171875,328.4550476074219,499.0799865722656,16.231428146362305,207.96665954589844
161.69949340820312,328.4749755859375,499.239990234375,16.744140625,201.7066650390625
159.35049438476562,325.3713684082031,489.42999267578125,16.935245513916016,190.94667053222656
160.31100463867188,329.67254638671875,494.739990234375,17.542512893676758,199.68333435058594
159.90049743652344,335.8897399902344,494.6600036621094,17.583175659179688,201.7100067138672
163.20550537109375,332.9956970214844,492.3900146484375,17.421506881713867,201.19667053222656
164.0574951171875,329.57275390625,485.80999755859375,17.326929092407227,199.5933380126953
167.4824981689453,331.7782287597656,487.2699890136719,17.393558502197266,203.3733367919922
167.3415069580078,330.5806884765625,488.7699890136719,17.793087005615234,203.29666137695312
169.19349670410156,336.0793762207031,499.8900146484375,17.98623275756836,205.89666748046875
169.156494140625,336.0594482421875,491.8999938964844,17.75640106201172,199.7866668701172
170.7624969482422,330.4010314941406,492.4100036621094,17.778106689453125,201.6233367919922
174.46200561523438,335.8199157714844,498.3399963378906,18.623584747314453,205.53334045410156
174.34500122070312,328.9839782714844,500.7699890136719,18.605121612548828,207.77000427246094
172.697998046875,331.6085510253906,497.0,18.394001007080078,206.94332885742188
175.27200317382812,338.3347473144531,508.82000732421875,18.852670669555664,207.90333557128906
175.1909942626953,339.89154052734375,512.739990234375,19.022863388061523,218.85667419433594
172.45399475097656,342.4762268066406,518.0599975585938,19.170841217041016,226.60667419433594
170.072998046875,340.6699523925781,527.0700073242188,18.99666404724121,223.9566650390625
172.1945037841797,354.9106750488281,533.030029296875,19.94894027709961,229.57333374023438
172.40699768066406,351.16839599609375,533.5,19.99061393737793,226.9199981689453
172.00799560546875,346.9969482421875,528.2100219726562,19.966405868530273,226.56666564941406
171.64849853515625,353.66326904296875,533.5399780273438,20.175527572631836,225.97332763671875
175.5489959716797,353.9726257324219,533.97998046875,20.450031280517578,226.3000030517578
183.78700256347656,352.0565490722656,541.6400146484375,20.661149978637695,219.86000061035156
184.82899475097656,349.7712097167969,535.9600219726562,20.334989547729492,214.88333129882812
186.57049560546875,344.941162109375,530.760009765625,19.866836547851562,217.60333251953125
185.9669952392578,349.701416015625,535.97998046875,20.014070510864258,218.98333740234375
185.92750549316406,352.435791015625,537.3099975585938,20.47549057006836,228.56666564941406
183.8679962158203,351.36798095703125,540.6799926757812,20.213459014892578,222.84666442871094
184.08399963378906,346.9171142578125,547.9500122070312,19.805696487426758,217.7933349609375
181.55999755859375,343.75360107421875,542.9500122070312,18.932025909423828,216.86666870117188
178.68150329589844,340.4603576660156,530.3099975585938,18.12822914123535,214.74000549316406
177.47950744628906,336.259033203125,532.280029296875,18.745864868164062,215.4066619873047
178.6595001220703,340.9593505859375,531.0499877929688,18.578414916992188,220.1666717529297
179.25999450683594,345.5199890136719,513.6300048828125,19.374977111816406,218.42999267578125
181.90150451660156,350.4698181152344,511.7699890136719,19.558643341064453,216.4199981689453
182.83200073242188,369.03167724609375,515.4099731445312,19.522708892822266,214.4600067138672
184.99099731445312,371.6961669921875,516.489990234375,19.259183883666992,219.2066650390625
181.3195037841797,367.05572509765625,518.9099731445312,19.173341751098633,214.92666625976562
181.51600646972656,372.5145263671875,519.2999877929688,19.46780776977539,215.66000366210938
179.99600219726562,357.5851745605469,514.25,19.626523971557617,225.78334045410156
166.37950134277344,355.5693359375,517.5700073242188,19.463815689086914,229.06666564941406
166.57400512695312,351.228271484375,515.1500244140625,19.714365005493164,236.55667114257812
168.31199645996094,350.5196838378906,510.82000732421875,19.77924919128418,236.5800018310547
167.73599243164062,358.1839904785156,517.3499755859375,20.237415313720703,236.97332763671875
168.79949951171875,362.22564697265625,524.8900146484375,20.599760055541992,238.2100067138672
167.2469940185547,362.7645568847656,520.5499877929688,20.329248428344727,233.03334045410156
167.093505859375,360.868408203125,519.969970703125,20.258378982543945,237.9199981689453
166.03399658203125,360.3894348144531,515.8400268554688,19.900028228759766,236.663330078125
164.60549926757812,359.2218017578125,512.4000244140625,19.663454055786133,235.94000244140625
165.1750030517578,361.90631103515625,510.7200012207031,19.86908531188965,240.75
164.69850158691406,362.4352111816406,515.9199829101562,20.15157699584961,239.05667114257812
164.94949340820312,365.80828857421875,517.9199829101562,19.914003372192383,228.72332763671875
162.09800720214844,357.7149353027344,518.9099731445312,19.422887802124023,221.90333557128906
160.06100463867188,354.7210693359375,521.8699951171875,19.005643844604492,229.663330078125
159.3874969482422,354.3917541503906,543.7100219726562,19.762277603149414,224.49000549316406
159.99749755859375,358.6330261230469,546.8800048828125,20.7784423828125,226.75332641601562
163.2935028076172,362.6048889160156,553.3300170898438,21.918376922607422,235.43333435058594
165.28900146484375,364.7604675292969,553.4099731445312,21.75367546081543,236.163330078125
164.95899963378906,367.6345520019531,547.5800170898438,22.17291831970215,237.06666564941406
165.8000030517578,363.63275146484375,550.1199951171875,22.028181076049805,233.72000122070312
167.48150634765625,371.8658447265625,558.9199829101562,22.595157623291016,237.30667114257812
171.07850646972656,379.8793640136719,566.1799926757812,22.64706039428711,243.6366729736328
173.5395050048828,378.60198974609375,569.1900024414062,22.34854507446289,245.24000549316406
173.9499969482422,381.2665100097656,582.0700073242188,22.40445327758789,244.69667053222656
173.156005859375,374.5104064941406,588.5499877929688,22.359527587890625,244.1300048828125
173.90249633789062,375.4884033203125,590.530029296875,22.805805206298828,244.52333068847656
175.46449279785156,381.3962707519531,606.7100219726562,22.625097274780273,250.97332763671875
176.27499389648438,376.79571533203125,606.0499877929688,22.302621841430664,251.2899932861328
174.20799255371094,377.2248229980469,597.5399780273438,22.140886306762695,251.6199951171875
173.45750427246094,377.9134216308594,598.719970703125,22.441394805908203,245.42333984375
172.85850524902344,375.7379150390625,589.2899780273438,22.115924835205078,247.6666717529297
172.5,375.7578430175781,577.760009765625,22.205778121948242,248.163330078125
173.7895050048828,373.1532287597656,582.8699951171875,22.30461883544922,251.94332885742188
174.41200256347656,372.2949523925781,586.5,22.205778121948242,252.3300018310547
173.12600708007812,363.9720458984375,589.3499755859375,21.864337921142578,253.163330078125
167.7864990234375,354.9705505371094,575.4299926757812,21.07862091064453,243.38999938964844
167.18150329589844,356.7469482421875,573.1400146484375,21.211402893066406,246.4600067138672
169.00250244140625,342.50616455078125,590.6500244140625,21.9052734375,250.64666748046875
170.8000030517578,345.25054931640625,593.260009765625,22.445392608642578,251.2133331298828
171.2760009765625,352.2361755371094,592.3900146484375,22.045040130615234,258.1300048828125
170.2899932861328,352.8548889160156,592.6400146484375,21.624731063842773,263.78668212890625
165.79800415039062,339.951416015625,583.8499755859375,20.665292739868164,259.1866760253906
165.05599975585938,338.9135437011719,599.0599975585938,20.483591079711914,260.4366760253906
164.2519989013672,338.69403076171875,610.3400268554688,20.68226432800293,258.49334716796875
164.16299438476562,342.30657958984375,613.1500244140625,20.708219528198242,258.40667724609375
159.48899841308594,325.5610046386719,603.3499755859375,19.699867248535156,260.510009765625
161.0500030517578,332.2771911621094,634.8099975585938,20.417694091796875,260.1966552734375
163.10049438476562,332.9558410644531,639.0999755859375,20.66629409790039,260.9166564941406
165.1215057373047,328.54486083984375,631.8499755859375,21.040681838989258,264.53668212890625
164.43099975585938,329.3731384277344,632.6599731445312,20.79707908630371,261.8299865722656
162.31500244140625,324.7825927734375,627.0399780273438,20.661298751831055,263.9800109863281
162.3665008544922,323.10601806640625,624.9400024414062,20.63733673095703,268.5733337402344
164.21400451660156,323.8744812011719,629.760009765625,20.904903411865234,270.3599853515625
164.9929962158203,327.85626220703125,633.7999877929688,21.710586547851562,272.7733459472656
170.4510040283203,324.0940246582031,628.2899780273438,21.826398849487305,281.010009765625
172.33700561523438,334.65228271484375,637.969970703125,22.18581199645996,290.03668212890625
172.20750427246094,339.2927551269531,639.0,22.253705978393555,288.0899963378906
170.7530059814453,340.0811767578125,625.1400146484375,22.06700897216797,288.6000061035156
171.75050354003906,341.17889404296875,653.1599731445312,22.655046463012695,298.0
166.77749633789062,323.9443054199219,664.780029296875,22.688993453979492,303.2266540527344
166.01849365234375,328.01593017578125,671.6599731445312,23.128278732299805,341.6199951171875
168.80349731445312,315.162353515625,668.52001953125,24.676748275756836,339.4766540527344
169.62449645996094,311.5797119140625,662.9199829101562,24.411182403564453,345.9533386230469
172.32850646972656,316.27008056640625,674.0499877929688,24.9003849029541,359.0133361816406
168.6215057373047,322.90643310546875,690.3099975585938,25.525367736816406,371.3333435058594
165.90550231933594,329.3033142089844,681.1699829101562,25.784940719604492,402.86334228515625
165.6374969482422,327.4071960449219,677.719970703125,26.358007431030273,390.6666564941406
169.1999969482422,330.93994140625,688.2899780273438,26.554685592651367,404.6199951171875
173.85000610351562,335.1612854003906,668.4000244140625,29.752470016479492,409.9700012207031
175.94949340820312,340.430419921875,645.719970703125,29.70355224609375,407.36334228515625
174.44900512695312,337.92559814453125,651.4500122070312,30.75383949279785,387.64666748046875
178.81149291992188,334.6822204589844,655.989990234375,30.607074737548828,341.1666564941406
174.1024932861328,326.9681091308594,646.9099731445312,29.411027908325195,355.98333740234375
173.625,327.06787109375,657.5800170898438,30.340513229370117,354.5033264160156
176.25750732421875,340.1909484863281,682.6099853515625,30.340513229370117,344.47332763671875
177.28399658203125,346.8472595214844,679.3300170898438,29.976104736328125,337.7966613769531
177.03500366210938,342.2566833496094,687.4000244140625,30.15381622314453,351.57666015625
177.4499969482422,340.0711669921875,691.6900024414062,29.213350296020508,363.0033264160156
184.80299377441406,337.9954528808594,682.02001953125,31.6234188079834,365.4599914550781
183.82850646972656,344.5918884277344,678.7999877929688,32.93129348754883,379.0199890136719
178.6284942626953,340.3106994628906,659.2000122070312,31.903961181640625,385.6233215332031
179.0019989013672,336.5583801269531,654.0599975585938,31.694305419921875,369.6766662597656
179.02049255371094,340.360595703125,658.2899780273438,32.620792388916016,372.0
175.22799682617188,332.4368591308594,665.6400146484375,31.45170021057129,360.6400146484375
178.07850646972656,337.3367919921875,663.8400268554688,33.32164764404297,378.9966735839844
175.35350036621094,323.79461669921875,641.9000244140625,32.62278747558594,381.586669921875
172.18600463867188,309.96307373046875,617.77001953125,31.387651443481445,365.0
171.8679962158203,309.75347900390625,616.469970703125,32.077613830566406,361.5333251953125
169.489501953125,306.21075439453125,602.1300048828125,30.646774291992188,338.3233337402344
171.36849975585938,317.2181396484375,612.6900024414062,29.99176025390625,336.336669921875
176.1645050048828,322.14801025390625,625.5800170898438,32.37815856933594,350.5833435058594
176.1580047607422,329.8821105957031,628.0800170898438,31.77806854248047,356.32000732421875
174.17100524902344,329.1436462402344,611.0,30.444076538085938,334.6000061035156
172.21200561523438,329.07379150390625,611.6599731445312,30.15251922607422,339.010009765625
169.5675048828125,333.8040466308594,604.5599975585938,28.11858367919922,322.13665771484375
169.0915069580078,333.0555725097656,597.989990234375,28.2943172454834,319.5033264160156
173.31500244140625,340.9593505859375,605.0399780273438,30.413122177124023,325.3299865722656
168.87100219726562,334.2132263183594,591.0599975585938,28.34424591064453,308.97332763671875
170.0175018310547,333.1054992675781,586.72998046875,27.75912857055664,310.8566589355469
167.07899475097656,324.7825927734375,593.739990234375,27.677249908447266,299.9800109863281
170.41700744628906,333.5146484375,604.9199829101562,29.03120994567871,312.84332275390625
171.03700256347656,329.7723388671875,614.239990234375,29.355716705322266,336.2900085449219
171.06849670410156,334.5525207519531,614.0900268554688,29.59535789489746,355.6666564941406
169.66949462890625,345.4700622558594,613.1199951171875,30.898391723632812,364.64666748046875
170.66099548339844,345.510009765625,610.7100219726562,30.276330947875977,362.8233337402344
169.2010040283203,342.23675537109375,610.5399780273438,29.955812454223633,362.0633239746094
168.64450073242188,343.6537780761719,612.0900268554688,29.54143714904785,356.7799987792969
166.7169952392578,335.6602478027344,602.4400024414062,29.366703033447266,352.260009765625
170.4044952392578,337.8457336425781,597.3699951171875,30.075634002685547,399.9266662597656
167.52200317382812,335.8398742675781,591.1500244140625,29.245885848999023,383.1966552734375
164.35699462890625,323.5052185058594,567.52001953125,27.56242561340332,362.7066650390625
163.25399780273438,331.7782287597656,553.2899780273438,28.135557174682617,354.8999938964844
162.5540008544922,331.109619140625,541.0599975585938,27.20595932006836,342.32000732421875
161.48599243164062,327.397216796875,539.8499755859375,27.35873031616211,352.7066650390625
165.36199951171875,333.6842956542969,540.8400268554688,27.77509880065918,354.79998779296875
165.20700073242188,332.57659912109375,537.219970703125,27.95682716369629,368.739990234375
161.21400451660156,325.81048583984375,519.2000122070312,26.53497314453125,343.85333251953125
162.13800048828125,331.2193603515625,525.6900024414062,26.901418685913086,349.8699951171875
158.91749572753906,317.49755859375,510.79998779296875,25.863985061645508,343.5033264160156
156.2989959716797,318.9346008300781,515.8599853515625,25.029245376586914,331.8833312988281
151.66749572753906,315.91082763671875,508.25,24.11362648010254,332.0899963378906
142.64300537109375,302.5483093261719,397.5,23.338796615600586,314.6333312988281
144.54400634765625,308.076904296875,387.1499938964844,23.3367977142334,310.0
139.98599243164062,299.53448486328125,366.4200134277344,22.290376663208008,306.1333312988281
138.87249755859375,294.0257873535156,359.70001220703125,22.737699508666992,312.4700012207031
139.6374969482422,294.0357971191406,386.70001220703125,21.91094970703125,276.3666687011719
143.97799682617188,301.09124755859375,384.3599853515625,22.80560302734375,282.1166687011719
149.57350158691406,312.6175842285156,427.1400146484375,24.44911766052246,312.239990234375
151.19349670410156,318.3458251953125,457.1300048828125,24.60089111328125,310.4166564941406
150.6125030517578,322.3376159667969,429.4800109863281,25.203983306884766,301.88665771484375
138.8455047607422,237.2724151611328,405.6000061035156,23.911928176879883,297.0466613769531
157.63949584960938,236.6038055419922,410.1700134277344,24.282373428344727,307.7733459472656
157.9355010986328,224.4487762451172,402.1000061035156,24.69075584411621,302.4466552734375
161.4134979248047,219.7284698486328,403.5299987792969,25.07018280029297,307.3333435058594
161.1894989013672,231.52423095703125,412.8900146484375,26.664777755737305,310.6666564941406
159.0034942626953,227.602294921875,406.2699890136719,25.78510093688965,301.51666259765625
153.2935028076172,219.0997772216797,391.30999755859375,23.912927627563477,286.6666564941406
155.16700744628906,217.25355529785156,396.57000732421875,24.230449676513672,291.9200134277344
156.510498046875,220.54678344726562,407.4599914550781,26.455093383789062,307.4766540527344
158.10049438476562,216.09593200683594,398.0799865722656,26.4710693359375,307.7966613769531
154.65249633789062,207.28404235839844,386.6700134277344,24.4700870513916,292.1166687011719
152.60150146484375,205.7372283935547,391.2900085449219,23.60638999938965,285.6600036621094
150.19749450683594,201.66558837890625,377.3800048828125,23.35477066040039,273.84332275390625
144.82699584960938,198.04302978515625,367.4599914550781,22.353281021118164,254.67999267578125
151.35800170898438,207.1742706298828,390.0299987792969,23.712228775024414,266.92333984375
153.7884979248047,210.04835510253906,390.79998779296875,24.12061309814453,269.9566650390625
153.56300354003906,210.5972442626953,394.5199890136719,24.3482723236084,290.1433410644531
151.14199829101562,203.07269287109375,386.239990234375,23.441640853881836,288.1233215332031
152.05250549316406,207.68321228027344,380.0299987792969,24.187639236450195,293.2966613769531
147.89849853515625,202.55377197265625,368.07000732421875,23.682315826416016,279.7633361816406
145.64100646972656,199.6497344970703,361.7300109863281,22.905359268188477,279.42999267578125
137.4530029296875,187.08555603027344,350.260009765625,21.32347297668457,268.1933288574219
136.01449584960938,189.89976501464844,341.760009765625,21.485254287719727,274.79998779296875
139.2790069580078,198.09292602539062,358.7900085449219,22.98324966430664,286.3233337402344
146.8175048828125,194.8096923828125,356.7699890136719,22.627729415893555,279.4333190917969
145.52450561523438,187.2252655029297,340.32000732421875,22.070476531982422,265.1166687011719
141.85299682617188,186.24728393554688,331.010009765625,21.301502227783203,255.4566650390625
147.3665008544922,191.63619995117188,343.75,22.942304611206055,267.2966613769531
153.10400390625,203.21241760253906,357.5299987792969,24.46327018737793,280.07666015625
157.23899841308594,207.4137725830078,371.3999938964844,24.73291015625,290.5333251953125
161.25050354003906,216.04603576660156,380.6000061035156,26.41765785217285,301.7966613769531
161.4915008544922,211.05630493164062,374.5899963378906,26.69828224182129,307.0533447265625
164.88900756835938,216.20570373535156,382.9200134277344,26.488563537597656,331.32666015625
163.4080047607422,213.0222625732422,374.489990234375,25.599750518798828,333.03668212890625
163.64950561523438,219.11972045898438,375.7099914550781,28.112390518188477,337.97332763671875
164.77349853515625,221.3651123046875,373.8500061035156,27.655004501342773,336.8800048828125
168.99049377441406,223.1314697265625,378.510009765625,28.181297302246094,363.9466552734375
169.31500244140625,229.3886260986328,391.82000732421875,28.617712020874023,366.5233459472656
166.30099487304688,227.38275146484375,381.4700012207031,27.653005599975586,364.663330078125
162.99749755859375,221.9040069580078,374.5899963378906,27.249544143676758,359.20001220703125
163.55999755859375,224.38890075683594,373.4700012207031,26.676311492919922,361.5299987792969
168.34649658203125,233.4103546142578,391.5,27.323448181152344,381.8166809082031
164.05499267578125,231.3645477294922,380.1499938964844,25.8963565826416,363.7533264160156
158.75599670410156,222.84207153320312,368.3500061035156,24.3743896484375,348.586669921875
157.7845001220703,222.4927978515625,362.1499938964844,24.175657272338867,352.4200134277344
154.4604949951172,221.8740692138672,355.8800048828125,23.088111877441406,341.8299865722656
151.1219940185547,216.01609802246094,348.0,21.88771629333496,325.30999755859375
150.78750610351562,213.70086669921875,344.1000061035156,21.475269317626953,328.98333740234375
155.54100036621094,214.54913330078125,350.42999267578125,22.1733341217041,340.7900085449219
151.7064971923828,209.7489776611328,341.1300048828125,21.229595184326172,328.3333435058594
152.78500366210938,210.33778381347656,337.8599853515625,21.753896713256836,334.7633361816406
158.11549377441406,216.86434936523438,348.6099853515625,22.1683406829834,342.7166748046875
153.9980010986328,200.00900268554688,226.19000244140625,21.45330047607422,325.73333740234375
148.29600524902344,187.684326171875,218.22000122070312,20.156034469604492,336.260009765625
144.35000610351562,183.73245239257812,215.52000427246094,19.488927841186523,335.01666259765625
146.07400512695312,186.60653686523438,209.91000366210938,19.875411987304688,332.67333984375
139.39100646972656,180.57891845703125,198.39999389648438,18.762897491455078,292.1400146484375
138.16700744628906,174.5912322998047,188.5399932861328,18.390396118164062,293.836669921875
144.59649658203125,205.30810546875,199.52000427246094,19.755569458007812,292.5033264160156
124.28150177001953,200.0588836669922,190.36000061035156,18.5222225189209,290.2533264160156
124.5,210.69703674316406,199.4600067138672,19.506908416748047,300.9800109863281
124.25350189208984,211.59518432617188,199.8699951171875,19.575809478759766,303.0833435058594
125.92849731445312,222.9518585205078,204.00999450683594,20.306833267211914,317.5400085449219
116.40699768066406,207.85287475585938,188.32000732421875,18.818822860717773,291.09332275390625
114.77249908447266,203.3521270751953,180.97000122070312,18.650049209594727,288.54998779296875
108.78900146484375,195.80763244628906,173.10000610351562,16.927356719970703,262.3699951171875
108.85900115966797,197.2446746826172,177.66000366210938,17.571491241455078,266.67999267578125
105.37200164794922,188.3529510498047,166.3699951171875,16.60778045654297,244.6666717529297
106.93049621582031,190.8478240966797,174.30999755859375,16.15338897705078,242.6666717529297
113.05500030517578,198.2126922607422,187.63999938964844,17.68234634399414,256.5299987792969
110.81050109863281,199.6297607421875,186.50999450683594,17.240938186645508,241.4566650390625
115.36849975585938,202.20448303222656,190.55999755859375,18.152713775634766,253.8699951171875
107.11250305175781,191.8457794189453,177.19000244140625,16.915369033813477,236.60333251953125
107.31900024414062,190.89772033691406,183.47999572753906,17.10112190246582,236.47332763671875
107.59100341796875,193.14309692382812,186.35000610351562,16.671695709228516,221.3000030517578
107.55699920654297,195.8275909423828,187.44000244140625,16.875425338745117,224.96665954589844
104.0999984741211,180.9082489013672,180.33999633789062,16.132417678833008,209.3866729736328
106.7750015258789,183.45301818847656,187.8300018310547,16.952322006225586,219.60000610351562
111.07749938964844,191.23703002929688,191.39999389648438,17.8271484375,235.91000366210938
115.14649963378906,194.72984313964844,195.19000244140625,18.78586769104004,253.2100067138672
120.20950317382812,193.24290466308594,197.44000244140625,18.64705467224121,252.75332641601562
121.68399810791016,188.25315856933594,192.91000366210938,18.295522689819336,246.7899932861328
125.51100158691406,198.4521942138672,205.08999633789062,19.56582260131836,258.3333435058594
122.3499984741211,190.38876342773438,198.97999572753906,18.694988250732422,234.51666259765625
124.79000091552734,193.8516387939453,197.13999938964844,18.760900497436523,238.27999877929688
123.0,195.24876403808594,198.61000061035156,18.90071678161621,238.8866729736328
121.18000030517578,196.2367401123047,202.8300018310547,18.627023696899414,241.86666870117188
116.1500015258789,183.62266540527344,192.77000427246094,18.02769660949707,239.7066650390625
109.6500015258789,175.2099609375,182.94000244140625,16.954906463623047,232.22999572753906
103.66999816894531,163.9231414794922,169.69000244140625,15.629399299621582,215.73666381835938
102.30999755859375,163.39422607421875,167.5399932861328,15.818185806274414,220.88999938964844
107.66999816894531,169.00271606445312,180.11000061035156,16.50840950012207,233.0
103.66000366210938,160.54010009765625,173.35000610351562,15.583450317382812,213.10000610351562
106.22000122070312,163.4042205810547,175.50999450683594,15.862136840820312,216.75999450683594
108.68000030517578,156.72793579101562,170.91000366210938,16.547365188598633,237.0366668701172
108.94999694824219,155.53041076660156,178.88999938964844,16.341598510742188,236.086669921875
112.44000244140625,158.42445373535156,181.7100067138672,16.206748962402344,235.07000732421875
116.45999908447266,169.81106567382812,190.85000610351562,17.10673713684082,245.7066650390625
113.22000122070312,169.14242553710938,189.13999938964844,16.85002326965332,244.9199981689453
107.4000015258789,160.35047912597656,179.60000610351562,15.964021682739258,232.663330078125
108.91999816894531,163.60382080078125,178.36000061035156,15.524516105651855,228.49000549316406
106.20999908447266,160.9193115234375,174.8699951171875,15.141947746276855,224.47332763671875
109.55999755859375,159.70181274414062,179.9499969482422,14.506662368774414,227.26333618164062
113.5,167.8450927734375,185.8800048828125,14.94716739654541,233.06666564941406
114.33000183105469,169.42185974121094,184.05999755859375,15.1129789352417,231.73333740234375
116.33000183105469,171.83689880371094,189.27000427246094,15.840161323547363,244.5433349609375
115.54000091552734,170.5295867919922,186.97999572753906,15.820182800292969,250.76333618164062
111.75,162.5459747314453,177.33999633789062,15.134955406188965,234.3433380126953
109.22000122070312,162.9351806640625,174.4499969482422,15.065032958984375,233.07000732421875
110.4000015258789,163.1547393798828,176.55999755859375,15.146940231323242,237.0399932861328
110.62999725341797,157.72589111328125,174.77999877929688,15.354706764221191,238.31333923339844
113.55000305175781,164.36224365234375,189.11000061035156,15.744270324707031,240.06666564941406
113.76000213623047,166.88705444335938,190.9199981689453,16.082887649536133,240.54666137695312
118.20999908447266,175.41952514648438,201.6300048828125,16.972883224487305,245.52999877929688
122.7699966430664,182.7145233154297,216.44000244140625,17.78696632385254,247.5
124.62999725341797,182.79437255859375,223.8800048828125,18.029695510864258,271.7066650390625
122.41999816894531,168.92286682128906,220.44000244140625,17.299516677856445,272.24334716796875
121.13999938964844,166.30824279785156,218.50999450683594,17.004844665527344,268.4333190917969
114.80999755859375,158.82362365722656,213.91000366210938,16.514402389526367,258.8599853515625
120.97000122070312,169.23223876953125,226.75,17.769989013671875,274.82000732421875
122.27999877929688,160.39041137695312,226.02000427246094,17.963769912719727,280.8999938964844
134.9499969482422,158.77374267578125,224.89999389648438,18.142568588256836,297.1499938964844
135.38999938964844,159.60202026367188,226.2100067138672,18.420255661010742,297.27667236328125
134.16000366210938,159.8614959716797,221.4199981689453,18.505159378051758,300.586669921875
139.52000427246094,168.45384216308594,226.72999572753906,18.871747970581055,307.39666748046875
142.57000732421875,170.22021484375,229.91000366210938,19.193384170532227,308.6333312988281
140.8000030517578,166.76730346679688,226.77999877929688,18.967639923095703,288.1700134277344
139.41000366210938,169.90086364746094,233.49000549316406,17.772985458374023,290.42333984375
137.8300018310547,168.1844024658203,229.94000244140625,17.0667781829834,283.3333435058594
142.69000244140625,177.97425842285156,244.11000061035156,18.076641082763672,294.3566589355469
140.63999938964844,177.1260223388672,242.6999969482422,17.921817779541016,286.6300048828125
143.5500030517578,180.1298370361328,249.3000030517578,18.687952041625977,300.0299987792969
143.17999267578125,180.51904296875,249.11000061035156,19.010591506958008,309.32000732421875
144.77999877929688,179.10195922851562,245.69000244140625,18.857763290405273,306.5633239746094
142.10000610351562,174.49143981933594,241.14999389648438,18.314373016357422,303.9966735839844
142.3000030517578,174.30181884765625,245.1699981689453,18.75188446044922,302.8699951171875
138.22999572753906,167.61557006835938,241.16000366210938,17.828922271728516,296.6666564941406
133.22000122070312,162.7156219482422,226.5399932861328,17.014841079711914,289.913330078125
133.6199951171875,160.77960205078125,224.5500030517578,17.161670684814453,296.4533386230469
133.8000030517578,162.92520141601562,229.61000061035156,17.2026309967041,297.0966796875
137.27999877929688,168.43386840820312,233.97999572753906,17.89284896850586,296.07000732421875
130.75,161.4482421875,223.27999877929688,16.241708755493164,288.0899963378906
129.7899932861328,158.8435821533203,224.57000732421875,15.783224105834961,284.82000732421875
128.72999572753906,156.8377227783203,220.64999389648438,15.45059871673584,277.70001220703125
126.7699966430664,162.5958709716797,223.55999755859375,15.077021598815918,275.6099853515625
127.81999969482422,165.02088928222656,230.0399932861328,13.9213228225708,277.1600036621094
127.51000213623047,159.99124145507812,226.11000061035156,13.631649017333984,270.2099914550781
126.11000061035156,158.21487426757812,218.38999938964844,13.449854850769043,274.4200134277344
129.47999572753906,160.0610809326172,228.9600067138672,13.702643394470215,283.70001220703125
129.82000732421875,161.7276611328125,227.44000244140625,13.978413581848145,289.260009765625
133.27000427246094,168.80311584472656,233.57000732421875,14.375085830688477,299.67999267578125
136.4499969482422,168.613525390625,236.52999877929688,14.492988586425781,304.4200134277344
126.81999969482422,152.81597900390625,218.1300048828125,13.120123863220215,292.1300048828125
128.5500030517578,151.1593780517578,224.1199951171875,13.117130279541016,302.6099853515625
126.27999877929688,149.24331665039062,235.3800048828125,12.918292999267578,303.75
123.52999877929688,145.99000549316406,240.1300048828125,13.1870698928833,303.3500061035156
124.66000366210938,147.71644592285156,243.6300048828125,13.370918273925781,309.07000732421875
122.19000244140625,145.7904052734375,242.85000610351562,13.165087699890137,308.7300109863281
118.54000091552734,141.8285369873047,236.8699951171875,13.250018119812012,300.79998779296875
117.30999755859375,142.52713012695312,237.0500030517578,12.550597190856934,288.5899963378906
113.77999877929688,140.12205505371094,226.41000366210938,12.505635261535645,275.3299865722656
115.1500015258789,136.09034729003906,224.07000732421875,12.217873573303223,276.010009765625
114.41000366210938,134.12437438964844,224.36000061035156,12.402721405029297,282.94000244140625
118.01000213623047,141.31961059570312,245.1999969482422,12.725452423095703,287.80999755859375
114.80000305175781,136.13026428222656,239.7100067138672,12.209879875183105,268.2099914550781
113.0,135.40176391601562,235.44000244140625,12.128948211669922,265.25
115.87999725341797,138.32574462890625,239.0399932861328,12.501639366149902,242.39999389648438
121.08999633789062,139.99232482910156,240.74000549316406,13.156095504760742,249.44000244140625
120.94999694824219,138.69497680664062,236.72999572753906,13.1980619430542,240.80999755859375
120.30000305175781,138.78480529785156,240.02000427246094,13.119125366210938,238.1300048828125
114.55999755859375,133.1763153076172,224.75,12.065999984741211,223.07000732421875
113.66999816894531,133.515625,229.97999572753906,11.660335540771484,222.9600067138672
112.20999908447266,128.27638244628906,214.2899932861328,11.57640552520752,216.5
112.9000015258789,127.23853302001953,220.8699951171875,11.490476608276367,217.24000549316406
112.52999877929688,130.02281188964844,232.50999450683594,11.950095176696777,221.72000122070312
106.9000015258789,126.50005340576172,230.0,11.217702865600586,204.99000549316406
113.79000091552734,133.76510620117188,245.10000610351562,11.878153800964355,219.35000610351562
116.36000061035156,132.52767944335938,240.86000061035156,11.957091331481934,220.19000244140625
115.06999969482422,132.956787109375,272.3800048828125,12.04101848602295,222.0399932861328
115.25,131.26026916503906,268.1600036621094,12.1839017868042,207.27999877929688
119.31999969482422,129.74337768554688,289.57000732421875,12.455676078796387,214.44000244140625
119.81999969482422,129.45399475097656,282.45001220703125,12.588566780090332,211.25
120.5999984741211,137.22799682617188,291.0199890136719,13.250018119812012,222.4199981689453
115.66000366210938,129.5537872314453,298.6199951171875,12.885321617126465,224.63999938964844
110.95999908447266,97.7391586303711,296.94000244140625,13.165087699890137,225.08999633789062
103.41000366210938,98.99656677246094,295.7200012207031,13.822545051574707,228.52000427246094
102.44000244140625,92.96895599365234,291.8800048828125,13.485823631286621,227.5399932861328
96.79000091552734,95.00476837158203,286.75,13.531786918640137,227.82000732421875
92.12000274658203,90.35433197021484,273.0,13.208052635192871,214.97999572753906
89.30000305175781,88.72766876220703,269.05999755859375,13.409884452819824,215.30999755859375
90.9800033569336,90.60381317138672,260.7900085449219,14.144277572631836,207.47000122070312
90.52999877929688,96.52165222167969,258.6000061035156,14.289156913757324,197.0800018310547
89.9800033569336,96.27216339111328,263.4599914550781,14.589908599853516,191.3000030517578
86.13999938964844,101.26191711425781,254.66000366210938,13.764592170715332,177.58999633789062
96.62999725341797,111.64058685302734,274.9700012207031,15.736957550048828,190.72000122070312
100.79000091552734,112.78822326660156,290.1300048828125,16.313480377197266,195.97000122070312
98.48999786376953,113.98576354980469,299.2699890136719,16.281505584716797,190.9499969482422
98.94000244140625,116.83990478515625,310.20001220703125,16.65220069885254,194.4199981689453
97.12000274658203,112.997802734375,306.0199890136719,15.89682388305664,186.9199981689453
94.8499984741211,111.22144317626953,295.2799987792969,15.664017677307129,183.1699981689453
94.13999938964844,111.82022094726562,287.9800109863281,15.396238327026367,180.19000244140625
92.45999908447266,109.63470458984375,285.04998779296875,15.304316520690918,167.8699951171875
93.19999694824219,111.21147155761719,286.69000244140625,16.024721145629883,169.91000366210938
94.12999725341797,112.00981903076172,291.5,16.505319595336914,183.1999969482422
93.41000366210938,111.18153381347656,285.5400085449219,16.256528854370117,182.86000061035156
93.94999694824219,108.55692291259766,281.1700134277344,15.813892364501953,182.9199981689453
92.41999816894531,109.23552703857422,280.9599914550781,15.626049041748047,180.8300018310547
96.54000091552734,117.85780334472656,305.5299987792969,16.91330909729004,194.6999969482422
95.5,120.19300842285156,316.95001220703125,17.12519073486328,194.6999969482422
94.12999725341797,123.23675537109375,320.4100036621094,16.866336822509766,194.86000061035156
91.01000213623047,122.1789321899414,312.5899963378906,16.60049057006836,182.4499969482422
88.25,113.88597106933594,305.55999755859375,15.977848052978516,179.82000732421875
88.45999908447266,113.69636535644531,308.4200134277344,16.11077308654785,174.0399932861328
90.3499984741211,115.09349060058594,310.260009765625,17.1591739654541,173.44000244140625
89.08999633789062,115.66232299804688,320.010009765625,16.99126625061035,179.0500030517578
90.55000305175781,114.47476196289062,315.17999267578125,17.524961471557617,167.82000732421875
92.48999786376953,119.90361022949219,320.3399963378906,18.061655044555664,160.9499969482422
91.58000183105469,121.34064483642578,317.8299865722656,17.663881301879883,156.8000030517578
88.44999694824219,115.91181182861328,290.4100036621094,16.94229507446289,157.6699981689453
87.86000061035156,119.18508911132812,290.7099914550781,16.561513900756836,150.22999572753906
84.91999816894531,114.24523162841797,288.29998779296875,16.244693756103516,149.8699951171875
85.19000244140625,116.84988403320312,288.19000244140625,16.075794219970703,137.8000030517578
86.7699966430664,119.51441192626953,297.9599914550781,16.491552352905273,137.57000732421875
83.79000091552734,116.87982177734375,297.75,15.330218315124512,125.3499984741211
85.25,117.79793548583984,294.9599914550781,15.197295188903809,123.1500015258789
83.04000091552734,116.64031219482422,284.1700134277344,14.112916946411133,109.0999984741211
81.81999969482422,115.38289642333984,276.8800048828125,14.02796459197998,112.70999908447266
84.18000030517578,120.01338195800781,291.1199951171875,14.594639778137207,121.81999969482422
84.0,120.09320831298828,294.8800048828125,14.605633735656738,123.18000030517578
